DROP DATABASE IF EXISTS Pokemons;
CREATE DATABASE Pokemons;
USE Pokemons;

DROP TABLE IF EXISTS Defense;
DROP TABLE IF EXISTS Arene;
DROP TABLE IF EXISTS Apparition;
DROP TABLE IF EXISTS Emplacement;
DROP TABLE IF EXISTS Pokemon;
DROP TABLE IF EXISTS Joueur;
DROP TABLE IF EXISTS Equipe;
CREATE TABLE Equipe(
	id INT PRIMARY KEY,
	nom VARCHAR(9),
	couleur VARCHAR(5));
CREATE TABLE Joueur(
	pseudonyme VARCHAR(30) PRIMARY KEY,
	personnage VARCHAR(30) NOT NULL UNIQUE,
	sexe CHAR(1),
	niveau SMALLINT DEFAULT 0 NOT NULL,
	idEquipe INT,
	FOREIGN KEY fk_equipe(idEquipe) REFERENCES Equipe(id) ON DELETE CASCADE);
CREATE TABLE Pokemon(
	id INT PRIMARY KEY,
	nom VARCHAR(30),
	espece VARCHAR(20),
	pointCombat INT CHECK (pointCombat >= 0),
	idJoueur VARCHAR(30),
	FOREIGN KEY fk_joueur(idJoueur) REFERENCES Joueur(pseudonyme),
	CONSTRAINT check_pointCombat CHECK (pointCombat >= 0));	
CREATE TABLE Emplacement(
	id INT PRIMARY KEY,
	latitude DECIMAL(12,10) NOT NULL,
	longitude DECIMAL(13,10) NOT NULL,
	CONSTRAINT check_latitude CHECK (latitude BETWEEN -90 AND 90),
	CONSTRAINT check_longitude CHECK (longitude BETWEEN -180 AND 180));
CREATE TABLE Apparition(
	idPokemon INT, 
	idEmplacement INT,
	horaire DATE, -- pas de DEFAULT pour le type DATE
	duree INT,
	CONSTRAINT pk_Apparition PRIMARY KEY (idPokemon, idEmplacement),
	FOREIGN KEY fk_pokemon(idPOkemon) REFERENCES Pokemon(id),
	FOREIGN KEY fk_emplacement(idEmplacement) REFERENCES Emplacement(id));
CREATE TABLE Arene(
	id INT PRIMARY KEY, 
	nom VARCHAR(30), 
	idEmplacement INT,
	FOREIGN KEY fk_emplacement2(idEmplacement) REFERENCES Emplacement(id));	
CREATE TABLE Defense(
	idEquipe INT, 
	idArene INT, 
	dateControle DATE, -- pas de DEFAULT pour le type DATE
	CONSTRAINT pk_Defense PRIMARY KEY (idEquipe, idArene, dateControle),
	FOREIGN KEY fk_equipe2(idEquipe) REFERENCES Equipe(id), 
	FOREIGN KEY fk_arene(idArene) REFERENCES Arene(id));
INSERT INTO Equipe VALUES (1, 'Intuition', 'Jaune');
INSERT INTO Equipe VALUES (2, 'Sagesse', 'Bleu');
INSERT INTO Equipe VALUES (3, 'Bravoure', 'Rouge');
INSERT INTO Joueur VALUES ('Shadow', 'Smith', 'F', 10, 1);
INSERT INTO Joueur VALUES ('Root', 'Alice', 'F', 20, 2);
INSERT INTO Joueur VALUES ('Admin', 'Bob', 'M', 1, 1);
INSERT INTO Pokemon VALUES (1, 'Bulbizarre', 'Graine', 1071, 'Shadow');
INSERT INTO Pokemon VALUES (25, 'Pikachu', 'Souris', 887, 'Root');
INSERT INTO Pokemon VALUES (107, 'Tygnon', 'Puncheur', 204, 'Shadow');
INSERT INTO Pokemon VALUES (103, 'Noadkoko', 'Fruitpalme', 190, 'Admin');
INSERT INTO Pokemon VALUES (150, 'Mewtwo', 'Génétique', 4144, 'Root');
INSERT INTO Emplacement VALUES (1, 49.0350369, 2.0696998);
INSERT INTO Emplacement VALUES (2, 48.857848, 2.295253);
INSERT INTO Emplacement VALUES (3, -74.0445, 40.6892);
INSERT INTO Apparition VALUES (1, 2, '2016-10-09', 10);
INSERT INTO Apparition VALUES (25, 1, '2016-09-01', 20);
INSERT INTO Apparition VALUES (107, 3, '2016-10-02', 5);
INSERT INTO Apparition VALUES (103, 1, '2016-10-25', 15);
INSERT INTO Apparition VALUES (25, 3, '2016-10-25', 3);
INSERT INTO Arene VALUES (1, 'Liberte', 3);
INSERT INTO Arene VALUES (2, 'Eisti', 1);
INSERT INTO Arene VALUES (3, 'Star', 2);
INSERT INTO Defense VALUES (1, 1, '2016-10-10');
INSERT INTO Defense VALUES (1, 2, '2016-09-01');